Original_Service_Catalog;Original_Service_Name;Tier_1_Category;Tier_2_SubCategory;Tier_3_Service_Type;SLA_Days;First_Response;Resolution_Time;ITIL_Category;Issue_Classification;Priority;Title;Field 1;Field 2;Field 3;Field 4;Field 5;Field 6;Field 7
ATM;Pendaftaran Terminal Baru;ATM Services;Terminal Management;Pendaftaran Terminal Baru;5 Days;30 Mins;5 Days;Service Request;Human Error;Medium;New ATM Terminal Registration;;;;;;;
ATM;Permasalahan Teknis;ATM Services;Technical Support;Permasalahan Teknis;5 Days;30 Mins;5 Days;Incident;System Error;Medium;ATM Technical Issue;ID ATM;Nama/Lokasi ATM;SN (Serial Number);Tipe Mesin;Nama PIC ATM;No HP PIC;Daftar Error ATM
ATM;Perubahan IP;ATM Services;Configuration Management;Perubahan IP;5 Days;30 Mins;5 Days;Change Request;Human Error;Medium;ATM IP Address Change;;;;;;;
ATM;Perubahan Profil;ATM Services;Configuration Management;Perubahan Profil;5 Days;30 Mins;5 Days;Change Request;Human Error;Medium;ATM Profile Configuration Change;;;;;;;
ATM;Penggantian Mesin;ATM Services;Terminal Management;Penggantian Mesin;5 Days;30 Mins;5 Days;Service Request;System Error;Medium;ATM Machine Replacement;;;;;;;
ATM;Perubahan Denom;ATM Services;Terminal Management;Perubahan Denom;5 Days;30 Mins;5 Days;Change Request;Human Error;Medium;ATM Denomination Change;;;;;;;
Card Center;Laporan Penerimaan Kartu ATM di Cabang;Card Services;Card Management;Laporan Penerimaan Kartu ATM di Cabang;5 Days;30 Mins;5 Days;Service Request;Human Error;Medium;ATM Card Receipt Report - Branch;;;;;;;
Card Center;Laporan Penerimaan PIN ATM di Cabang;Card Services;Card Management;Laporan Penerimaan PIN ATM di Cabang;5 Days;30 Mins;5 Days;Service Request;Human Error;Medium;ATM PIN Receipt Report - Branch;;;;;;;
Card Center;Laporan Persediaan Kartu ATM;Card Services;Card Management;Laporan Persediaan Kartu ATM;5 Days;30 Mins;5 Days;Service Request;Human Error;Medium;ATM Card Inventory Report;;;;;;;
Card Center;Xcard - Penggantian PIN;Card Services;PIN Services;Penggantian PIN;1 Days;30 Mins;1 Days;Service Request;Human Error;High;Xcard PIN Replacement;;;;;;;
Error;Antasena - Error proses Aplikasi;Application Errors;Antasena;Error proses Aplikasi;1 Days;30 Mins;1 Days;Incident;System Error;High;Antasena Application Process Error;;;;;;;
Error;Ars73 - Error Aplikasi;Application Errors;Ars73;Error Aplikasi;1 Days;30 Mins;1 Days;Incident;System Error;High;ARS73 Application Error;;;;;;;
Error;BI RTGS - Error Aplikasi;Application Errors;BI RTGS;Error Aplikasi;1 Days;30 Mins;1 Days;Incident;System Error;High;BI RTGS System Error;;;;;;;
Error;BSG QRIS - Error Transaksi / Aplikasi;Application Errors;BSG QRIS;Error Transaksi / Aplikasi;1 Days;30 Mins;1 Days;Incident;System Error;High;BSG QRIS Transaction/Application Error;;;;;;;
Error;BSG Sprint TNP - Error;Application Errors;BSG Sprint TNP;Error;1 Days;30 Mins;1 Days;Incident;System Error;High;BSG Sprint TNP System Error;;;;;;;
Error;BSG Brocade - Error;Application Errors;BSG Brocade;Error;1 Days;30 Mins;1 Days;Incident;System Error;High;BSG Brocade System Error;;;;;;;
Error;BSG Direct - Error Transaksi;Application Errors;BSG Direct;Error Transaksi;1 Days;30 Mins;1 Days;Incident;System Error;High;BSG Direct Transaction Error;;;;;;;
Error;BSG Direct - Error Aplikasi;Application Errors;BSG Direct;Error Aplikasi;1 Days;30 Mins;1 Days;Incident;System Error;High;BSG Direct Application Error;;;;;;;
Error;BSGTouch - Error Registrasi BSGTouch Android;Application Errors;BSGTouch;Error Registrasi Android;1 Days;30 Mins;1 Days;Incident;System Error;High;BSGTouch Android Registration Error;;;;;;;
Error;BSGTouch - Error Aplikasi;Application Errors;BSGTouch;Error Aplikasi;1 Days;30 Mins;1 Days;Incident;System Error;High;BSGTouch Application Error;;;;;;;
Error;BSGTouch - Error Registrasi BSGTouch iOS;Application Errors;BSGTouch;Error Registrasi iOS;1 Days;30 Mins;1 Days;Incident;System Error;High;BSGTouch iOS Registration Error;;;;;;;
Error;BSGTouch - SMS Aktivasi tidak terkirim;Application Errors;BSGTouch;SMS Aktivasi tidak terkirim;1 Days;30 Mins;1 Days;Incident;System Error;High;BSGTouch SMS Activation Not Sent;Tanggal Approve;;;;;;
Error;BSGTouch - Error Transaksi;Application Errors;BSGTouch;Error Transaksi;1 Days;30 Mins;1 Days;Incident;System Error;High;BSGTouch Transaction Error;;;;;;;
Error;E-Dapem - Error Transaksi;Application Errors;E-Dapem;Error Transaksi;1 Days;30 Mins;1 Days;Incident;System Error;High;E-Dapem Transaction Error;;;;;;;
Error;Error - Rintis Payment Point;Application Errors;Rintis Payment Point;Error;1 Days;30 Mins;1 Days;Incident;System Error;High;Rintis Payment Point Error;;;;;;;
Error;GoAML - Error Proses;Application Errors;GoAML;Error Proses;1 Days;30 Mins;1 Days;Incident;System Error;High;GoAML Processing Error;;;;;;;
Error;Surrounding - Error BSGTouch Android;Application Errors;Surrounding;Error BSGTouch Android;1 Days;30 Mins;1 Days;Incident;System Error;High;Surrounding BSGTouch Android Error;;;;;;;
Error;Surrounding - Error BSGTouch IOS;Application Errors;Surrounding;Error BSGTouch iOS;1 Days;30 Mins;1 Days;Incident;System Error;High;Surrounding BSGTouch iOS Error;;;;;;;
Error;Surrounding - Kasda;Application Errors;Surrounding;Kasda;1 Days;30 Mins;1 Days;Incident;System Error;High;Surrounding Kasda Error;;;;;;;
Error;Error - Finnet;Application Errors;Finnet;Error;1 Days;30 Mins;1 Days;Incident;System Error;High;Finnet System Error;;;;;;;
Error;HRSM - Gagal Koneksi;Application Errors;HRSM;Gagal Koneksi;1 Days;30 Mins;1 Days;Incident;System Error;High;HRSM Connection Failed;;;;;;;
Error;Kasda - Error Approval Maker;Application Errors;Kasda;Error Approval Maker;1 Days;30 Mins;1 Days;Incident;Human Error;High;Kasda Maker Approval Error;Nama User;Kode User Kasda;Nomor HP;Asal Instansi;ID Transaksi;Keterangan Error;
Error;Kasda - Error Approval Transaksi;Application Errors;Kasda;Error Approval Transaksi;1 Days;30 Mins;1 Days;Incident;Human Error;High;Kasda Transaction Approval Error;Nama User;Kode User Kasda;Nomor HP;Asal Instansi;ID Transaksi;Keterangan Error;
Error;Kasda - Error Cek Transaksi / Saldo Rekening;Application Errors;Kasda;Error Cek Transaksi / Saldo Rekening;1 Days;30 Mins;1 Days;Incident;System Error;High;Kasda Balance/Transaction Check Error;Nama User;Kode User Kasda;Nomor HP;Asal Instansi;ID Transaksi;Keterangan Error;
Error;Kasda - Error Lainnya;Application Errors;Kasda;Error Lainnya;1 Days;30 Mins;1 Days;Incident;System Error;High;Kasda Other Error;Nama User;Kode User Kasda;Nomor HP;Asal Instansi;ID Transaksi;Keterangan Error;
Error;Kasda - Error Login;Application Errors;Kasda;Error Login;1 Days;30 Mins;1 Days;Incident;Human Error;High;Kasda Login Error;Nama User;Kode User Kasda;Nomor HP;Asal Instansi;ID Transaksi;Keterangan Error;
Error;Kasda - Error Permintaan Token Transaksi;Application Errors;Kasda;Error Permintaan Token Transaksi;1 Days;30 Mins;1 Days;Incident;System Error;High;Kasda Transaction Token Request Error;Nama User;Kode User Kasda;Nomor HP;Asal Instansi;ID Transaksi;Keterangan Error;
Error;Kasda - Error Tarik Data SP2D (Kasda FMIS);Application Errors;Kasda;Error Tarik Data SP2D (Kasda FMIS);1 Days;30 Mins;1 Days;Incident;System Error;High;Kasda SP2D Data Retrieval Error (FMIS);Nama User;Kode User Kasda;Nomor HP;Asal Instansi;ID Transaksi;Keterangan Error;
Error;MIS - Error;Application Errors;MIS;Error;1 Days;30 Mins;1 Days;Incident;System Error;High;MIS System Error;;;;;;;
Error;MPN - Error Transaksi;Application Errors;MPN;Error Transaksi;1 Days;30 Mins;1 Days;Incident;System Error;High;MPN Transaction Error;;;;;;;
Error;OBOX - Error Aplikasi;Application Errors;OBOX;Error Aplikasi;1 Days;30 Mins;1 Days;Incident;System Error;High;OBOX Application Error;;;;;;;
Error;OLIBs - BE Error;Application Errors;OLIBs;BE Error;1 Days;30 Mins;1 Days;Incident;System Error;High;OLIBs Backend Error;Kronologi Terjadi Error;;;;;;
Error;OLIBs - Error Deposito;Application Errors;OLIBs;Error Deposito;1 Days;30 Mins;1 Days;Incident;Human Error;High;OLIBs Deposit Transaction Error;;;;;;;
Error;OLIBs - Error Giro;Application Errors;OLIBs;Error Giro;1 Days;30 Mins;1 Days;Incident;Human Error;High;OLIBs Current Account Error;;;;;;;
Error;OLIBs - Error Kredit;Application Errors;OLIBs;Error Kredit;1 Days;30 Mins;1 Days;Incident;Human Error;High;OLIBs Credit Transaction Error;;;;;;;
Error;OLIBs - Error PRK;Application Errors;OLIBs;Error PRK;1 Days;30 Mins;1 Days;Incident;Human Error;High;OLIBs PRK Transaction Error;;;;;;;
Error;OLIBs - Error Tabungan;Application Errors;OLIBs;Error Tabungan;1 Days;30 Mins;1 Days;Incident;Human Error;High;OLIBs Savings Account Error;;;;;;;
Error;OLIBs - FE Error;Application Errors;OLIBs;FE Error;1 Days;30 Mins;1 Days;Incident;System Error;High;OLIBs Frontend Error;Kronologi Terjadi Error;;;;;;
Error;Gagal Close Operasional;Application Errors;OLIBs;Gagal Close Operasional;1 Hrs;30 Mins;1 Hrs;Incident;System Error;Critical;Failed Operational Closing;;;;;;;
Error;Selisih Pembukuan;Application Errors;OLIBs;Selisih Pembukuan;1 Days;30 Mins;1 Days;Incident;Human Error;High;Bookkeeping Discrepancy;;;;;;;
Error;Payroll - Error Proses;Application Errors;Payroll;Error Proses;1 Days;30 Mins;1 Days;Incident;System Error;High;Payroll Processing Error;;;;;;;
Error;PSAK71 - Error Aplikasi;Application Errors;PSAK71;Error Aplikasi;1 Days;30 Mins;1 Days;Incident;System Error;High;PSAK71 Application Error;;;;;;;
Error;Report Viewer 724 - Error;Application Errors;Report Viewer 724;Error;1 Days;30 Mins;1 Days;Incident;System Error;High;Report Viewer 724 Error;;;;;;;
Error;Samsat - Error Transaksi;Application Errors;Samsat;Error Transaksi;1 Days;30 Mins;1 Days;Incident;System Error;High;Samsat Transaction Error;;;;;;;
Error;SIKP - Error Aplikasi;Application Errors;SIKP;Error Aplikasi;1 Days;30 Mins;1 Days;Incident;System Error;High;SIKP Application Error;;;;;;;
Error;SKNBI - Error Aplikasi;Application Errors;SKNBI;Error Aplikasi;1 Days;30 Mins;1 Days;Incident;System Error;High;SKNBI Application Error;;;;;;;
Error;SLIK - Error;Application Errors;SLIK;Error;1 Days;30 Mins;1 Days;Incident;System Error;High;SLIK System Error;;;;;;;
Error;SMS Banking - Error;Application Errors;SMS Banking;Error;1 Days;30 Mins;1 Days;Incident;System Error;High;SMS Banking Error;;;;;;;
Error;Switching - Error Transaksi;Application Errors;Switching;Error Transaksi;1 Days;30 Mins;1 Days;Incident;System Error;High;Switching Transaction Error;;;;;;;
Error;TellerApp/Reporting - Gagal Connect;Application Errors;TellerApp/Reporting;Gagal Connect;1 Days;30 Mins;1 Days;Incident;System Error;High;TellerApp/Reporting Connection Failed;;;;;;;
Error;Xcard - Error Aplikasi;Application Errors;Xcard;Error Aplikasi;1 Days;30 Mins;1 Days;Incident;System Error;High;Xcard Application Error;;;;;;;
Error;Xmonitoring ATM - Error Aplikasi;Application Errors;Xmonitoring ATM;Error Aplikasi;1 Days;30 Mins;1 Days;Incident;System Error;High;Xmonitoring ATM Application Error;;;;;;;
Hardware /Software;Maintenance Komputer;Hardware & Software;Computer Maintenance;Maintenance Komputer;5 Days;30 Mins;5 Days;Service Request;Human Error;Medium;Computer Maintenance Request;;;;;;;
Hardware /Software;Maintenance Printer;Hardware & Software;Printer Maintenance;Maintenance Printer;5 Days;30 Mins;5 Days;Service Request;Human Error;Medium;Printer Maintenance Request;;;;;;;
Hardware /Software;Pendaftaran Terminal Komputer Baru;Hardware & Software;Computer Maintenance;Pendaftaran Terminal Komputer Baru;5 Days;30 Mins;5 Days;Service Request;Human Error;Medium;New Computer Terminal Registration;;;;;;;
Keamanan Informasi;Keamanan Informasi;Information Security;Security Services;Keamanan Informasi;5 Days;30 Mins;5 Days;Service Request;Human Error;Medium;Information Security Request;;;;;;;
Klaim;ATM - Pembayaran PBB;Transaction Claims;ATM - Bill Payments;Pembayaran PBB;7 Hk;1 Day;7 Hk;Incident;Human Error;Low;ATM PBB Payment Claim;Nama Nasabah;Nomor Rekening;Nomor Kartu;Nominal Transaksi Tanggal Transaksi;Nomor Arsip;Kode Bayar / ID Pelanggan;
Klaim;ATM - Pembayaran Samsat;Transaction Claims;ATM - Bill Payments;Pembayaran Samsat;7 Hk;1 Day;7 Hk;Incident;Human Error;Low;ATM Samsat Payment Claim;Nama Nasabah;Nomor Rekening;Nomor Kartu;Nominal Transaksi Tanggal Transaksi;Nomor Arsip;Kode Bayar / ID Pelanggan;
Klaim;ATM - Pembayaran Tagihan BPJS;Transaction Claims;ATM - Bill Payments;Pembayaran Tagihan BPJS;7 Hk;1 Day;7 Hk;Incident;Human Error;Low;ATM BPJS Bill Payment Claim;Nama Nasabah;Nomor Rekening;Nomor Kartu;Nominal Transaksi Tanggal Transaksi;Nomor Arsip;Kode Bayar / ID Pelanggan;
Klaim;ATM - Pembayaran Tagihan PLN;Transaction Claims;ATM - Bill Payments;Pembayaran Tagihan PLN;7 Hk;1 Day;7 Hk;Incident;Human Error;Low;ATM PLN Bill Payment Claim;Nama Nasabah;Nomor Rekening;Nomor Kartu;Nominal Transaksi Tanggal Transaksi;Nomor Arsip;Kode Bayar / ID Pelanggan;
Klaim;ATM - Pembayaran Tagihan PSTN;Transaction Claims;ATM - Bill Payments;Pembayaran Tagihan PSTN;7 Hk;1 Day;7 Hk;Incident;Human Error;Low;ATM PSTN Bill Payment Claim;Nama Nasabah;Nomor Rekening;Nomor Kartu;Nominal Transaksi Tanggal Transaksi;Nomor Arsip;Kode Bayar / ID Pelanggan;
Klaim;ATM - Pembelian Pulsa Indosat;Transaction Claims;ATM - Prepaid Services;Pembelian Pulsa Indosat;7 Hk;1 Day;7 Hk;Incident;Human Error;Low;ATM Indosat Credit Purchase Claim;Nama Nasabah;Nomor Rekening;Nomor Kartu;Nominal Transaksi Tanggal Transaksi;Nomor Arsip;Kode Bayar / ID Pelanggan;
Klaim;ATM - Pembelian Pulsa Telkomsel;Transaction Claims;ATM - Prepaid Services;Pembelian Pulsa Telkomsel;7 Hk;1 Day;7 Hk;Incident;Human Error;Low;ATM Telkomsel Credit Purchase Claim;Nama Nasabah;Nomor Rekening;Nomor Kartu;Nominal Transaksi Tanggal Transaksi;Nomor Arsip;Kode Bayar / ID Pelanggan;
Klaim;ATM - Pembelian Pulsa Three;Transaction Claims;ATM - Prepaid Services;Pembelian Pulsa Three;7 Hk;1 Day;7 Hk;Incident;Human Error;Low;ATM Three Credit Purchase Claim;Nama Nasabah;Nomor Rekening;Nomor Kartu;Nominal Transaksi Tanggal Transaksi;Nomor Arsip;Kode Bayar / ID Pelanggan;
Klaim;ATM - Pembelian Pulsa XL;Transaction Claims;ATM - Prepaid Services;Pembelian Pulsa XL;7 Hk;1 Day;7 Hk;Incident;Human Error;Low;ATM XL Credit Purchase Claim;Nama Nasabah;Nomor Rekening;Nomor Kartu;Nominal Transaksi Tanggal Transaksi;Nomor Arsip;Kode Bayar / ID Pelanggan;
Klaim;ATM - Pembelian Token PLN;Transaction Claims;ATM - Prepaid Services;Pembelian Token PLN;7 Hk;1 Day;7 Hk;Incident;Human Error;Low;ATM PLN Token Purchase Claim;Nama Nasabah;Nomor Rekening;Nomor Kartu;Nominal Transaksi Tanggal Transaksi;Nomor Arsip;Kode Bayar / ID Pelanggan;
Klaim;ATM - Penarikan ATM Bank Lain;Transaction Claims;ATM - Inter-bank;Penarikan ATM Bank Lain;14 Hk;1 Day;14 Hk;Incident;System Error;Low;ATM Inter-bank Withdrawal Claim;Nama Nasabah;Nomor Rekening;Nomor Kartu;Nominal Transaksi Tanggal Transaksi;Nomor Arsip;Kode Bayar / ID Pelanggan;
Klaim;ATM - Penarikan ATM Bank Lain > 75 hari;Transaction Claims;ATM - Inter-bank;Penarikan ATM Bank Lain > 75 hari;90 Hari;1Day;90 Hari;Incident;System Error;Low;ATM Inter-bank Withdrawal Claim >75 days;Nama Nasabah;Nomor Rekening;Nomor Kartu;Nominal Transaksi Tanggal Transaksi;Nomor Arsip;Kode Bayar / ID Pelanggan;
Klaim;ATM - Transfer ATM Bank Lain;Transaction Claims;ATM - Inter-bank;Transfer ATM Bank Lain;14 Hk;1 Day;14 Hk;Incident;System Error;Low;ATM Inter-bank Transfer Claim;Nama Nasabah;Nomor Rekening;Nomor Kartu;Nominal Transaksi Tanggal Transaksi;Nomor Arsip;Kode Bayar / ID Pelanggan;
Klaim;ATM - Transfer Bank Lain > 75 hari;Transaction Claims;ATM - Inter-bank;Transfer Bank Lain > 75 hari;90 Hari;1 Day;90 Hari;Incident;System Error;Low;ATM Inter-bank Transfer Claim >75 days;Nama Nasabah;Nomor Rekening;Nomor Kartu;Nominal Transaksi Tanggal Transaksi;Nomor Arsip;Kode Bayar / ID Pelanggan;
Klaim;BSG QRIS - Klaim BI Fast;Transaction Claims;BSG QRIS;Klaim BI Fast;90 Hari;30 Mins;90 Hari;Incident;System Error;High;BSG QRIS BI Fast Claim;Nama Nasabah;Nomor Rekening;Nomor Kartu;Nominal Transaksi Tanggal Transaksi;Nomor Arsip;Kode Bayar / ID Pelanggan;
Klaim;BSG QRIS - Klaim Gagal Transaksi;Transaction Claims;BSG QRIS;Klaim Gagal Transaksi;90 Hari;1 Day;90 Hari;Incident;System Error;Low;BSG QRIS Failed Transaction Claim;Nama Nasabah;Nomor Rekening;Nomor Kartu;Nominal Transaksi Tanggal Transaksi;Nomor Arsip;Kode Bayar / ID Pelanggan;
Klaim;BSG QRIS - Pembelian Data Telkomsel;Transaction Claims;BSG QRIS;Pembelian Data Telkomsel;7 Hk;1 Day;7 Hk;Incident;Human Error;Low;BSG QRIS Telkomsel Data Purchase Claim;Nama Nasabah;Nomor Rekening;Nomor Kartu;Nominal Transaksi Tanggal Transaksi;Nomor Arsip;Kode Bayar / ID Pelanggan;
Klaim;BSG QRIS - Pembelian Pulsa Telkomsel;Transaction Claims;BSG QRIS;Pembelian Pulsa Telkomsel;7 Hk;1 Day;7 Hk;Incident;Human Error;Low;BSG QRIS Telkomsel Credit Purchase Claim;Nama Nasabah;Nomor Rekening;Nomor Kartu;Nominal Transaksi Tanggal Transaksi;Nomor Arsip;Kode Bayar / ID Pelanggan;
Klaim;BSGDebit / EDC - Pembayaran;Transaction Claims;BSGDebit/EDC;Pembayaran;30 Hk;1 Day;30 Hk;Incident;System Error;Low;BSGDebit/EDC Payment Claim;Nama Nasabah;Nomor Rekening;Nomor Kartu;Nominal Transaksi Tanggal Transaksi;Nomor Arsip;Kode Bayar / ID Pelanggan;
Klaim;BSGTouch - Pembayaran PBB;Transaction Claims;BSGTouch - Payments;Pembayaran PBB;7 Hk;1 Day;7 Hk;Incident;Human Error;Low;BSGTouch PBB Payment Claim;Nama Nasabah;Nomor Rekening;Nomor Kartu;Nominal Transaksi Tanggal Transaksi;Nomor Arsip;Kode Bayar / ID Pelanggan;
Klaim;BSGTouch - Pembayaran Samsat;Transaction Claims;BSGTouch - Payments;Pembayaran Samsat;7 Hk;1 Day;7 Hk;Incident;Human Error;Low;BSGTouch Samsat Payment Claim;Nama Nasabah;Nomor Rekening;Nomor Kartu;Nominal Transaksi Tanggal Transaksi;Nomor Arsip;Kode Bayar / ID Pelanggan;
Klaim;BSGTouch - Pembayaran Tagihan BPJS;Transaction Claims;BSGTouch - Payments;Pembayaran Tagihan BPJS;7 Hk;1 Day;7 Hk;Incident;Human Error;Low;BSGTouch BPJS Bill Payment Claim;Nama Nasabah;Nomor Rekening;Nomor Kartu;Nominal Transaksi Tanggal Transaksi;Nomor Arsip;Kode Bayar / ID Pelanggan;
Klaim;BSGTouch - Pembayaran Tagihan Kartu Hallo;Transaction Claims;BSGTouch - Payments;Pembayaran Tagihan Kartu Hallo;7 Hk;1 Day;7 Hk;Incident;Human Error;Low;BSGTouch Kartu Hallo Bill Payment Claim;Nama Nasabah;Nomor Rekening;Nomor Kartu;Nominal Transaksi Tanggal Transaksi;Nomor Arsip;Kode Bayar / ID Pelanggan;
Klaim;BSGTouch - Pembayaran Tagihan PDAM;Transaction Claims;BSGTouch - Payments;Pembayaran Tagihan PDAM;7 Hk;1 Day;7 Hk;Incident;Human Error;Low;BSGTouch PDAM Bill Payment Claim;Nama Nasabah;Nomor Rekening;Nomor Kartu;Nominal Transaksi Tanggal Transaksi;Nomor Arsip;Kode Bayar / ID Pelanggan;
Klaim;BSGTouch - Pembayaran Tagihan PLN;Transaction Claims;BSGTouch - Payments;Pembayaran Tagihan PLN;7 Hk;1 Day;7 Hk;Incident;Human Error;Low;BSGTouch PLN Bill Payment Claim;Nama Nasabah;Nomor Rekening;Nomor Kartu;Nominal Transaksi Tanggal Transaksi;Nomor Arsip;Kode Bayar / ID Pelanggan;
Klaim;BSGTouch - Pembayaran Tagihan PSTN;Transaction Claims;BSGTouch - Payments;Pembayaran Tagihan PSTN;7 Hk;1 Day;7 Hk;Incident;Human Error;Low;BSGTouch PSTN Bill Payment Claim;Nama Nasabah;Nomor Rekening;Nomor Kartu;Nominal Transaksi Tanggal Transaksi;Nomor Arsip;Kode Bayar / ID Pelanggan;
Klaim;BSGTouch - Pembelian Pulsa Indosat;Transaction Claims;BSGTouch - Prepaid;Pembelian Pulsa Indosat;7 Hk;1 Day;7 Hk;Incident;Human Error;Low;BSGTouch Indosat Credit Purchase Claim;Nama Nasabah;Nomor Rekening;Nomor Kartu;Nominal Transaksi Tanggal Transaksi;Nomor Arsip;Kode Bayar / ID Pelanggan;
Klaim;BSGTouch - Pembelian Pulsa Telkomsel;Transaction Claims;BSGTouch - Prepaid;Pembelian Pulsa Telkomsel;7 Hk;1 Day;7 Hk;Incident;Human Error;Low;BSGTouch Telkomsel Credit Purchase Claim;Nama Nasabah;Nomor Rekening;Nomor Kartu;Nominal Transaksi Tanggal Transaksi;Nomor Arsip;Kode Bayar / ID Pelanggan;
Klaim;BSGTouch - Pembelian Pulsa Three;Transaction Claims;BSGTouch - Prepaid;Pembelian Pulsa Three;7 Hk;1 Day;7 Hk;Incident;Human Error;Low;BSGTouch Three Credit Purchase Claim;Nama Nasabah;Nomor Rekening;Nomor Kartu;Nominal Transaksi Tanggal Transaksi;Nomor Arsip;Kode Bayar / ID Pelanggan;
Klaim;BSGTouch - Pembelian Pulsa XL;Transaction Claims;BSGTouch - Prepaid;Pembelian Pulsa XL;7 Hk;1 Day;7 Hk;Incident;Human Error;Low;BSGTouch XL Credit Purchase Claim;Nama Nasabah;Nomor Rekening;Nomor Kartu;Nominal Transaksi Tanggal Transaksi;Nomor Arsip;Kode Bayar / ID Pelanggan;
Klaim;BSGTouch - Pembelian Token PLN;Transaction Claims;BSGTouch - Prepaid;Pembelian Token PLN;7 Hk;1 Day;7 Hk;Incident;Human Error;Low;BSGTouch PLN Token Purchase Claim;Nama Nasabah;Nomor Rekening;Nomor Kartu;Nominal Transaksi Tanggal Transaksi;Nomor Arsip;Kode Bayar / ID Pelanggan;
Klaim;BSGTouch - Top Up BSGcash;Transaction Claims;BSGTouch - Transfers;Top Up BSGcash;7 Hk;1 Day;7 Hk;Incident;Human Error;Low;BSGTouch BSGcash Top Up Claim;Nama Nasabah;Nomor Rekening;Nomor Kartu;Nominal Transaksi Tanggal Transaksi;Nomor Arsip;Kode Bayar / ID Pelanggan;
Klaim;BSGTouch - Transfer Antar Bank;Transaction Claims;BSGTouch - Transfers;Transfer Antar Bank;14 Hk;1 Day;14 Hk;Incident;System Error;Low;BSGTouch Inter-bank Transfer Claim;Nama Nasabah;Nomor Rekening;Nomor Kartu;Nominal Transaksi Tanggal Transaksi;Nomor Arsip;Kode Bayar / ID Pelanggan;
Klaim;Kasda - Gagal Pembayaran;Transaction Claims;Kasda;Gagal Pembayaran;7 Hk;1 Day;7 Hk;Incident;System Error;Low;Kasda Payment Failure Claim;Nama Nasabah;Nomor Rekening;Nomor Kartu;Nominal Transaksi Tanggal Transaksi;Nomor Arsip;Kode Bayar / ID Pelanggan;
Klaim;Kasda - Gagal Transfer;Transaction Claims;Kasda;Gagal Transfer;14 Hk;1 Day;14 Hk;Incident;System Error;Low;Kasda Transfer Failure Claim;Nama Nasabah;Nomor Rekening;Nomor Kartu;Nominal Transaksi Tanggal Transaksi;Nomor Arsip;Kode Bayar / ID Pelanggan;
Klaim;SMS Banking - Pembayaran PBB;Transaction Claims;SMS Banking - Payments;Pembayaran PBB;7 Hk;1 Day;7 Hk;Incident;Human Error;Low;SMS Banking PBB Payment Claim;Nama Nasabah;Nomor Rekening;Nomor Kartu;Nominal Transaksi Tanggal Transaksi;Nomor Arsip;Kode Bayar / ID Pelanggan;
Klaim;SMS Banking - Pembayaran Samsat;Transaction Claims;SMS Banking - Payments;Pembayaran Samsat;7 Hk;1 Day;7 Hk;Incident;Human Error;Low;SMS Banking Samsat Payment Claim;Nama Nasabah;Nomor Rekening;Nomor Kartu;Nominal Transaksi Tanggal Transaksi;Nomor Arsip;Kode Bayar / ID Pelanggan;
Klaim;SMS Banking - Pembayaran Tagihan BigTV;Transaction Claims;SMS Banking - Payments;Pembayaran Tagihan BigTV;7 Hk;1 Day;7 Hk;Incident;Human Error;Low;SMS Banking BigTV Bill Payment Claim;Nama Nasabah;Nomor Rekening;Nomor Kartu;Nominal Transaksi Tanggal Transaksi;Nomor Arsip;Kode Bayar / ID Pelanggan;
Klaim;SMS Banking - Pembayaran Tagihan Kartu Hallo;Transaction Claims;SMS Banking - Payments;Pembayaran Tagihan Kartu Hallo;7 Hk;1 Day;7 Hk;Incident;Human Error;Low;SMS Banking Kartu Hallo Bill Payment Claim;Nama Nasabah;Nomor Rekening;Nomor Kartu;Nominal Transaksi Tanggal Transaksi;Nomor Arsip;Kode Bayar / ID Pelanggan;
Klaim;SMS Banking - Pembayaran Tagihan PLN;Transaction Claims;SMS Banking - Payments;Pembayaran Tagihan PLN;7 Hk;1 Day;7 Hk;Incident;Human Error;Low;SMS Banking PLN Bill Payment Claim;Nama Nasabah;Nomor Rekening;Nomor Kartu;Nominal Transaksi Tanggal Transaksi;Nomor Arsip;Kode Bayar / ID Pelanggan;
Klaim;SMS Banking - Pembayaran Tagihan PSTN;Transaction Claims;SMS Banking - Payments;Pembayaran Tagihan PSTN;7 Hk;1 Day;7 Hk;Incident;Human Error;Low;SMS Banking PSTN Bill Payment Claim;Nama Nasabah;Nomor Rekening;Nomor Kartu;Nominal Transaksi Tanggal Transaksi;Nomor Arsip;Kode Bayar / ID Pelanggan;
Klaim;SMS Banking - Pembelian Pulsa Indosat;Transaction Claims;SMS Banking - Prepaid;Pembelian Pulsa Indosat;7 Hk;1 Day;7 Hk;Incident;Human Error;Low;SMS Banking Indosat Credit Purchase Claim;Nama Nasabah;Nomor Rekening;Nomor Kartu;Nominal Transaksi Tanggal Transaksi;Nomor Arsip;Kode Bayar / ID Pelanggan;
Klaim;SMS Banking - Pembelian Data Telkomsel;Transaction Claims;SMS Banking - Prepaid;Pembelian Data Telkomsel;7 Hk;1 Day;7 Hk;Incident;Human Error;Low;SMS Banking Telkomsel Data Purchase Claim;Nama Nasabah;Nomor Rekening;Nomor Kartu;Nominal Transaksi Tanggal Transaksi;Nomor Arsip;Kode Bayar / ID Pelanggan;
Klaim;SMS Banking - Pembelian Pulsa Three;Transaction Claims;SMS Banking - Prepaid;Pembelian Pulsa Three;7 Hk;1 Day;7 Hk;Incident;Human Error;Low;SMS Banking Three Credit Purchase Claim;Nama Nasabah;Nomor Rekening;Nomor Kartu;Nominal Transaksi Tanggal Transaksi;Nomor Arsip;Kode Bayar / ID Pelanggan;
Klaim;SMS Banking - Pembelian Pulsa XL;Transaction Claims;SMS Banking - Prepaid;Pembelian Pulsa XL;7 Hk;1 Day;7 Hk;Incident;Human Error;Low;SMS Banking XL Credit Purchase Claim;Nama Nasabah;Nomor Rekening;Nomor Kartu;Nominal Transaksi Tanggal Transaksi;Nomor Arsip;Kode Bayar / ID Pelanggan;
Klaim;SMS Banking - Pembelian Token PLN;Transaction Claims;SMS Banking - Prepaid;Pembelian Token PLN;7 Hk;1 Day;7 Hk;Incident;Human Error;Low;SMS Banking PLN Token Purchase Claim;Nama Nasabah;Nomor Rekening;Nomor Kartu;Nominal Transaksi Tanggal Transaksi;Nomor Arsip;Kode Bayar / ID Pelanggan;
Klaim;SMS Banking - Transfer Bank Lain;Transaction Claims;SMS Banking - Transfers;Transfer Bank Lain;14 Hk;1 Day;14 Hk;Incident;System Error;Low;SMS Banking Inter-bank Transfer Claim;Nama Nasabah;Nomor Rekening;Nomor Kartu;Nominal Transaksi Tanggal Transaksi;Nomor Arsip;Kode Bayar / ID Pelanggan;
Klaim;SMS Banking - Transfer Bank Lain > 75 hari;Transaction Claims;SMS Banking - Transfers;Transfer Bank Lain > 75 hari;90 Hari;1 Day;90 Hari;Incident;System Error;Low;SMS Banking Inter-bank Transfer Claim >75 days;Nama Nasabah;Nomor Rekening;Nomor Kartu;Nominal Transaksi Tanggal Transaksi;Nomor Arsip;Kode Bayar / ID Pelanggan;
Klaim;TellerApp/Reporting - Gagal Transaksi;Transaction Claims;TellerApp/Reporting;Gagal Transaksi;7 Hk;1 Day;7 Hk;Incident;System Error;Low;TellerApp/Reporting Transaction Failure Claim;;;;;;;
Klaim;TellerApp/Reporting - Pembayaran Samsat;Transaction Claims;TellerApp/Reporting;Pembayaran Samsat;7 Hk;1 Day;7 Hk;Incident;Human Error;Low;TellerApp/Reporting Samsat Payment Claim;;;;;;;
Network;Gangguan Ekstranet BI;Network Services;Connectivity Issues;Gangguan Ekstranet BI;1 Hrs;30 Mins;1 Hrs;Incident;System Error;Critical;BI Extranet Disruption;;;;;;;
Network;Gangguan Internet;Network Services;Connectivity Issues;Gangguan Internet;1 Day;30 Mins;1 Day;Incident;System Error;High;Internet Connection Disruption;Lokasi;Keluhan;;;;;
Network;Gangguan LAN;Network Services;Connectivity Issues;Gangguan LAN;1 Day;30 Mins;1 Day;Incident;System Error;High;LAN Network Disruption;Lokasi;Keluhan;;;;;
Network;Gangguan WAN;Network Services;Connectivity Issues;Gangguan WAN;1 Day;30 Mins;1 Day;Incident;System Error;High;WAN Network Disruption;Lokasi;Keluhan;;;;;
Network;Permintaan Pemasangan Jaringan;Network Services;Network Setup;Permintaan Pemasangan Jaringan;5 Days;30 Mins;5 Days;Service Request;Human Error;Medium;Network Installation Request;;;;;;;
Permintaan;ATM -Pengiriman Log Jurnal;ATM Services;Reporting & Reconciliation;Pengiriman Log Jurnal;5 Days;30 Mins;5 Days;Service Request;Human Error;Medium;ATM Journal Log Delivery Request;;;;;;;
Permintaan;ATM - Permintaan Log Switching;ATM Services;Reporting & Reconciliation;Permintaan Log Switching;5 Days;30 Mins;5 Days;Service Request;Human Error;Medium;ATM Switching Log Request;;;;;;;
Permintaan;Permintaan Pengiriman SMS Aktivasi BSGTouch;Service Requests;BSGTouch Support;Permintaan Pengiriman SMS Aktivasi BSGTouch;1 Days;30 Mins;1 Days;Service Request;Human Error;High;BSGTouch SMS Activation Resend Request;Nama Nasabah;Nomor Rekening;No HP;;;;
Permintaan;Formulir Serah Terima Komputer;Service Requests;Administrative;Formulir Serah Terima Komputer;1 Days;30 Mins;1 Days;Service Request;Human Error;High;Computer Handover Form Request;;;;;;;
Permintaan;HRMS - Perubahan IP PC;Service Requests;Administrative;HRMS - Perubahan IP PC;5 Days;30 Mins;5 Days;Change Request;Human Error;Medium;HRMS PC IP Address Change Request;;;;;;;
Permintaan;Memo ke Divisi TI;Service Requests;Data & Reporting;Memo ke Divisi TI;5 Days;30 Mins;5 Days;Service Request;Human Error;Medium;IT Division Memo Request;;;;;;;
Permintaan;Pembukaan Operasional Cabang di Hari Libur;Service Requests;Operational Requests;Pembukaan Operasional Cabang di Hari Libur;1 Days;30 Mins;1 Days;Service Request;Human Error;High;Holiday Branch Operation Request;;;;;;;
Permintaan;Penyelesaian Selisih ATM;ATM Services;Reporting & Reconciliation;Penyelesaian Selisih ATM;5 Days;30 Mins;5 Days;Problem;Human Error;Medium;ATM Discrepancy Resolution Request;Daftar ATM;Jenis Selisih;Rekonsiliasi;Log Jurnal;File RC;;
Permintaan;Upload Data DHN;Service Requests;Operational Requests;Upload Data DHN;5 Days;30 Mins;5 Days;Service Request;Human Error;Medium;DHN Data Upload Request;;;;;;;
Permintaan;Permintaan Akses Flasdisk / Hardisk / SSD;Service Requests;Access Management;Permintaan Akses Flasdisk / Hardisk / SSD;5 Days;30 Mins;5 Days;Service Request;Human Error;Medium;External Storage Access Request;;;;;;;
Permintaan;Permintaan Data Lain;Service Requests;Data & Reporting;Permintaan Data Lain;10 Days;30 Mins;10 Days;Service Request;Human Error;Low;Other Data Request;;;;;;;
Permintaan;Pemintaan Pengembangan Aplikasi;Service Requests;Development;Pemintaan Pengembangan Aplikasi;10 Days;30 Mins;10 Days;Service Request;Human Error;Low;Application Development Request;;;;;;;
Permintaan;Permintaan Perpanjangan Waktu Operasional;Service Requests;Operational Requests;Permintaan Perpanjangan Waktu Operasional;1 Days;30 Mins;1 Days;Service Request;Human Error;High;Extended Operation Hours Request;;;;;;;
Permintaan;Permintaan Perubahan Nomor PK Kredit;Service Requests;Operational Requests;Permintaan Perubahan Nomor PK Kredit;5 Days;30 Mins;5 Days;Change Request;Human Error;Medium;Credit PK Number Change Request;;;;;;;
Permintaan;Permintaan Softcopy RC;Service Requests;Data & Reporting;Permintaan Softcopy RC;5 Days;30 Mins;5 Days;Service Request;Human Error;Medium;RC Softcopy Request;;;;;;;
Permintaan;Surat Divisi TI;Service Requests;Data & Reporting;Surat Divisi TI;5 Days;30 Mins;5 Days;Service Request;Human Error;Medium;IT Division Letter Request;;;;;;;
Permintaan;Permintaan Pendaftaran Prefiks Bank;Service Requests;Configuration;Permintaan Pendaftaran Prefiks Bank;5 Days;30 Mins;5 Days;Change Request;Human Error;Medium;Bank Prefix Registration Request;;;;;;;
Permintaan;Permintaan Penghapusan Prefiks Bank;Service Requests;Configuration;Permintaan Penghapusan Prefiks Bank;5 Days;30 Mins;5 Days;Change Request;Human Error;Medium;Bank Prefix Deletion Request;;;;;;;
Permintaan;Permintaan Penyesuaian Prefiks Bank;Service Requests;Configuration;Permintaan Penyesuaian Prefiks Bank;5 Days;30 Mins;5 Days;Change Request;Human Error;Medium;Bank Prefix Adjustment Request;;;;;;;
User;Antasena - Pendaftaran User;User Management;Antasena;Pendaftaran User;1 Day;60 Mins;1 Day;Service Request;Human Error;High;Antasena New User Registration;;;;;;;
User;Antasena - Reset Password;User Management;Antasena;Reset Password;1 Day;60 Mins;1 Day;Service Request;Human Error;High;Antasena Password Reset;;;;;;;
User;Antasena - User Expire;User Management;Antasena;User Expire;1 Day;60 Mins;1 Day;Service Request;Human Error;High;Antasena User Expiration;;;;;;;
User;ARS 73 - Pendaftaran User Baru;User Management;ARS 73;Pendaftaran User Baru;1 Day;60 Mins;1 Day;Service Request;Human Error;High;ARS 73 New User Registration;Email User;Nama User;Jabatan;;;;
User;ARS 73 - Perubahan User;User Management;ARS 73;Perubahan User;1 Day;60 Mins;1 Day;Change Request;Human Error;High;ARS 73 User Modification;ID Pengguna;Nama User;Jabatan;;;;
User;ARS 73 - Buka Blokir;User Management;ARS 73;Buka Blokir;1 Day;60 Mins;1 Day;Service Request;Human Error;High;ARS 73 User Unlock;ID Pengguna;Nama User;Jabatan;;;;
User;ARS 73 - Mutasi User;User Management;ARS 73;Mutasi User;1 Day;60 Mins;1 Day;Change Request;Human Error;High;ARS 73 User Transfer;ID Pengguna;Nama User;Jabatan;Mutasi Dari;Mutasi Ke;;
User;Brocad (Broker) - Pendaftaran User Baru;User Management;Brocad (Broker);Pendaftaran User Baru;1 Day;60 Mins;1 Day;Service Request;Human Error;High;Brocad New User Registration;Kode User;Nama User;Jabatan;;;;
User;Brocad (Broker) - Perubahan User;User Management;Brocad (Broker);Perubahan User;1 Day;60 Mins;1 Day;Change Request;Human Error;High;Brocad User Modification;Kode User;Nama User;Jabatan;;;;
User;BSG Qris - Buka Blokir & Reset Password;User Management;BSG QRIS;Buka Blokir & Reset Password;1 Day;60 Mins;1 Day;Service Request;Human Error;High;BSG QRIS User Unlock & Password Reset;Kode User;Nama User;Jabatan;;;;
User;BSG Qris - Mutasi User;User Management;BSG QRIS;Mutasi User;1 Day;60 Mins;1 Day;Change Request;Human Error;High;BSG QRIS User Transfer;Kode User;Nama User;Jabatan;Mutasi Dari;Mutasi Ke;;
User;BSG Qris - Pendaftaran User;User Management;BSG QRIS;Pendaftaran User;1 Day;60 Mins;1 Day;Service Request;Human Error;High;BSG QRIS New User Registration;Kode User;Nama User;Jabatan;;;;
User;BSG Qris - Perpanjang Masa Berlaku;User Management;BSG QRIS;Perpanjang Masa Berlaku;1 Day;60 Mins;1 Day;Service Request;Human Error;High;BSG QRIS User Validity Extension;Kode User;Nama User;Jabatan;;;;
User;BSG Qris - Perubahan User;User Management;BSG QRIS;Perubahan User;1 Day;60 Mins;1 Day;Change Request;Human Error;High;BSG QRIS User Modification;Kode User;Nama User;Jabatan;;;;
User;BSGTouch - Mutasi User;User Management;BSGTouch;Mutasi User;1 Day;60 Mins;1 Day;Change Request;Human Error;High;BSGTouch User Transfer;Kode User;Nama User;Jabatan;Mutasi Dari;Mutasi Ke;;
User;BSGTouch - Pendaftaran User Baru;User Management;BSGTouch;Pendaftaran User Baru;1 Day;60 Mins;1 Day;Service Request;Human Error;High;BSGTouch New User Registration;Kode User;Nama User;Jabatan;;;;
User;BSGTouch - Buka Blokir & Reset Password;User Management;BSGTouch;Buka Blokir & Reset Password;1 Day;60 Mins;1 Day;Service Request;Human Error;High;BSGTouch User Unlock & Password Reset;Kode User;Nama User;Jabatan;;;;
User;BSGTouch - Perpanjang Masa Berlaku;User Management;BSGTouch;Perpanjang Masa Berlaku;1 Day;60 Mins;1 Day;Service Request;Human Error;High;BSGTouch User Validity Extension;Kode User;Nama User;Jabatan;;;;
User;BSGTouch - Perubahan User;User Management;BSGTouch;Perubahan User;1 Day;60 Mins;1 Day;Change Request;Human Error;High;BSGTouch User Modification;Kode User;Nama User;Jabatan;;;;
User;Digital Dashboard - Pendaftaran User;User Management;Digital Dashboard;Pendaftaran User;1 Day;60 Mins;1 Day;Service Request;Human Error;High;Digital Dashboard New User Registration;Kode User;Nama User;Jabatan;;;;
User;Domain - Pendaftaran / Perubahan User;User Management;Domain;Pendaftaran / Perubahan User;5 Days;60 Mins;5 Days;Service Request;Human Error;Medium;Domain User Registration/Modification;Kode User;Nama User;Jabatan;;;;
User;Domain - Reset Password;User Management;Domain;Reset Password;5 Days;60 Mins;5 Days;Service Request;Human Error;Medium;Domain Password Reset;Kode User;Nama User;Jabatan;;;;
User;eLos - Mutasi User;User Management;eLos;Mutasi User;5 Days;60 Mins;5 Days;Change Request;Human Error;Medium;eLos User Transfer;Kode User;Nama User;Jabatan;Mutasi Dari;Mutasi Ke;;
User;eLos - Pendaftaran Akses VPN;User Management;eLos;Pendaftaran Akses VPN;5 Days;60 Mins;5 Days;Service Request;Human Error;Medium;eLos VPN Access Registration;Kode User;Nama User;Jabatan;;;;
User;eLos - Pendaftaran User;User Management;eLos;Pendaftaran User;5 Days;60 Mins;5 Days;Service Request;Human Error;Medium;eLos New User Registration;Kode User;Nama User;Jabatan;;;;
User;eLos - Perubahan User;User Management;eLos;Perubahan User;5 Days;60 Mins;5 Days;Change Request;Human Error;Medium;eLos User Modification;Kode User;Nama User;Jabatan;;;;
User;eLos - Reset Akses User;User Management;eLos;Reset Akses User;5 Days;60 Mins;5 Days;Service Request;Human Error;Medium;eLos User Access Reset;Kode User;Nama User;Jabatan;;;;
User;eLos - Reset Password User;User Management;eLos;Reset Password User;5 Days;60 Mins;5 Days;Service Request;Human Error;Medium;eLos Password Reset;Kode User;Nama User;Jabatan;;;;
User;HRMS - Pengaktifan dan Reset Password User;User Management;HRMS;Pengaktifan dan Reset Password User;5 Days;60 Mins;5 Days;Service Request;Human Error;Medium;HRMS User Activation & Password Reset;Kode User;Nama User;Jabatan;;;;
User;MS Office - Pendaftaran Email Baru;User Management;MS Office;Pendaftaran Email Baru;5 Days;60 Mins;5 Days;Service Request;Human Error;Medium;MS Office New Email Registration;Kode User;Nama User;Jabatan;;;;
User;MS Office - Reset Password;User Management;MS Office;Reset Password;5 Days;60 Mins;5 Days;Service Request;Human Error;Medium;MS Office Password Reset;Kode User;Nama User;Jabatan;;;;
User;OLIBs - Buka Blokir;User Management;OLIBs;Buka Blokir;1 Day;60 Mins;1 Day;Service Request;Human Error;High;OLIBs User Unlock;Kode User;Nama User;Jabatan;;;;
User;OLIBs - Mutasi User Pegawai;User Management;OLIBs;Mutasi User Pegawai;1 Day;60 Mins;1 Day;Change Request;Human Error;High;OLIBs Employee User Transfer;Kode User;Nama User;Jabatan;Mutasi Dari;Mutasi Ke;;
User;OLIBs - Non Aktif User;User Management;OLIBs;Non Aktif User;1 Day;60 Mins;1 Day;Service Request;Human Error;High;OLIBs User Deactivation;Kode User;Nama User;Jabatan;;;;
User;OLIBs - Override Password;User Management;OLIBs;Override Password;1 Day;60 Mins;1 Day;Service Request;Human Error;High;OLIBs Password Override;Kode User;Nama User;Jabatan;;;;
User;OLIBs - Pendaftaran User Baru;User Management;OLIBs;Pendaftaran User Baru;1 Day;60 Mins;1 Day;Service Request;Human Error;High;OLIBs New User Registration;Kode User;Nama User;Jabatan;;;;
User;OLIBs - Perubahan Menu dan Limit Transaksi;User Management;OLIBs;Perubahan Menu dan Limit Transaksi;1 Day;60 Mins;1 Day;Change Request;Human Error;High;OLIBs Menu & Transaction Limit Change;Kode User;Nama User;Jabatan;;;;
User;Payroll - Pendaftaran User;User Management;Payroll;Pendaftaran User;1 Day;60 Mins;1 Day;Service Request;Human Error;High;Payroll New User Registration;Kode User;Nama User;Jabatan;;;;
User;Payroll - Reset Batas Koneksi;User Management;Payroll;Reset Batas Koneksi;1 Day;60 Mins;1 Day;Service Request;Human Error;High;Payroll Connection Limit Reset;Kode User;Nama User;Jabatan;;;;
User;Payroll - Perubahan User;User Management;Payroll;Perubahan User;1 Day;60 Mins;1 Day;Change Request;Human Error;High;Payroll User Modification;Kode User;Nama User;Jabatan;;;;
User;BSG Portal - Mutasi User;User Management;BSG Portal;Mutasi User;1 Day;60 Mins;1 Day;Change Request;Human Error;High;BSG Portal User Transfer;Kode User;Nama User;Jabatan;Mutasi Dari;Mutasi Ke;;
User;BSG Portal - Reset Password;User Management;BSG Portal;Reset Password;1 Day;60 Mins;1 Day;Service Request;Human Error;High;BSG Portal Password Reset;Kode User;Nama User;Jabatan;;;;
User;SIKP - Pendaftaran User;User Management;SIKP;Pendaftaran User;1 Day;60 Mins;1 Day;Service Request;Human Error;High;SIKP New User Registration;Kode User;Nama User;Jabatan;;;;
User;SKNBI - Mutasi User;User Management;SKNBI;Mutasi User;1 Day;60 Mins;1 Day;Change Request;Human Error;High;SKNBI User Transfer;Kode User;Nama User;Jabatan;Mutasi Dari;Mutasi Ke;;
User;SKNBI - Pendaftaran User;User Management;SKNBI;Pendaftaran User;1 Day;60 Mins;1 Day;Service Request;Human Error;High;SKNBI New User Registration;Kode User;Nama User;Jabatan;;;;
User;SKNBI - Reset Password;User Management;SKNBI;Reset Password;1 Day;60 Mins;1 Day;Service Request;Human Error;High;SKNBI Password Reset;Kode User;Nama User;Jabatan;;;;
User;SKNBI - Perubahan user;User Management;SKNBI;Perubahan user;1 Day;60 Mins;1 Day;Change Request;Human Error;High;SKNBI User Modification;Kode User;Nama User;Jabatan;;;;
User;SMS Banking - Pendaftaran User;User Management;SMS Banking;Pendaftaran User;1 Day;60 Mins;1 Day;Service Request;Human Error;High;SMS Banking New User Registration;Kode User;Nama User;Jabatan;;;;
User;SMS Banking - Perubahan User;User Management;SMS Banking;Perubahan User;1 Day;60 Mins;1 Day;Change Request;Human Error;High;SMS Banking User Modification;Kode User;Nama User;Jabatan;;;;
User;TellerApp / Reporting - Mutasi User;User Management;TellerApp/Reporting;Mutasi User;1 Day;60 Mins;1 Day;Change Request;Human Error;High;TellerApp/Reporting User Transfer;Kode User;Nama User;Jabatan;Mutasi Dari;Mutasi Ke;;
User;TellerApp / Reporting - Pendaftaran User Baru;User Management;TellerApp/Reporting;Pendaftaran User Baru;1 Day;60 Mins;1 Day;Service Request;Human Error;High;TellerApp/Reporting New User Registration;Kode User;Nama User;Jabatan;;;;
User;TellerApp / Reporting - Perubahan User;User Management;TellerApp/Reporting;Perubahan User;1 Day;60 Mins;1 Day;Change Request;Human Error;High;TellerApp/Reporting User Modification;Kode User;Nama User;Jabatan;;;;
User;TellerApp / Reporting - Reset Batas Koneksi;User Management;TellerApp/Reporting;Reset Batas Koneksi;1 Day;60 Mins;1 Day;Service Request;Human Error;High;TellerApp/Reporting Connection Limit Reset;Kode User;Nama User;Jabatan;;;;
User;Xcard - Buka Blokir & Reset Password;User Management;Xcard;Buka Blokir & Reset Password;1 Day;60 Mins;1 Day;Service Request;Human Error;High;Xcard User Unlock & Password Reset;Kode User;Nama User;Jabatan;;;;
User;Xcard - Mutasi User;User Management;Xcard;Mutasi User;1 Day;60 Mins;1 Day;Change Request;Human Error;High;Xcard User Transfer;Kode User;Nama User;Jabatan;Mutasi Dari;Mutasi Ke;;
User;Xcard - Pendaftaran User Baru;User Management;Xcard;Pendaftaran User Baru;1 Day;60 Mins;1 Day;Service Request;Human Error;High;Xcard New User Registration;Kode User;Nama User;Jabatan;;;;
User;Xcard - Perubahan Menu;User Management;Xcard;Perubahan Menu;1 Day;60 Mins;1 Day;Change Request;Human Error;High;Xcard Menu Change;Kode User;Nama User;Jabatan;;;;
User;Xmonitoring ATM - Buka Blokir & Reset Password;User Management;Xmonitoring ATM;Buka Blokir & Reset Password;5 Days;60 Mins;5 Days;Service Request;Human Error;Medium;Xmonitoring ATM User Unlock & Password Reset;Kode User;Nama User;Jabatan;;;;
User;Xmonitoring ATM - Mutasi User;User Management;Xmonitoring ATM;Mutasi User;5 Days;60 Mins;5 Days;Change Request;Human Error;Medium;Xmonitoring ATM User Transfer;Kode User;Nama User;Jabatan;Mutasi Dari;Mutasi Ke;;
User;Xmonitoring ATM - Pendaftaran User;User Management;Xmonitoring ATM;Pendaftaran User;5 Days;60 Mins;5 Days;Service Request;Human Error;Medium;Xmonitoring ATM New User Registration;Kode User;Nama User;Jabatan;;;;
User;Xmonitoring ATM - Perubahan User;User Management;Xmonitoring ATM;Perubahan User;5 Days;60 Mins;5 Days;Change Request;Human Error;Medium;Xmonitoring ATM User Modification;Kode User;Nama User;Jabatan;;;;
User;Xreport - Pendaftaran User Baru;User Management;Xreport;Pendaftaran User Baru;5 Days;60 Mins;5 Days;Service Request;Human Error;Medium;Xreport New User Registration;Kode User;Nama User;Jabatan;;;;
